sensor-left,sensor-front,sensor-right,direction
sensor-left,sensor-front,sensor-right,direction
11.1534,25.49285,12.98367,99.56472
11.47039,26.25469,12.65154,98.41945
11.77318,0,12.29501,97.28713
12.06288,0,11.96203,96.17062
12.34057,0,11.63003,95.07281
12.34057,0,11.63003,95.07281
12.60739,0,11.28036,93.99805
12.86415,0,10.95282,92.94823
13.11161,0,10.63548,91.92551
13.35048,0,10.29251,90.93216
13.58144,0,9.969737,89.97047
13.8051,0,9.665946,89.04265
14.02203,0,9.33602,88.15086
14.02203,0,9.33602,88.15086
14.23289,0,9.009863,87.29846
14.43812,0,8.700617,86.48668
14.63813,0,8.407063,85.71689
14.83334,0,8.128042,84.99048
15.02416,0,7.862452,84.30887
15.02416,0,7.862452,84.30887
15.21111,0,7.609255,83.6747
15.39453,0,7.367392,83.08853
15.5748,0,7.135874,82.55111
15.75231,0,6.913744,82.06319
15.92745,0,6.700105,81.6255
16.10058,0,6.49412,81.23848
16.10058,0,6.49412,81.23848
16.27218,0,6.295,80.90393
16.44277,0,6.101863,80.62216
16.61279,0,5.913937,80.39314
16.78277,0,5.730504,80.21705
16.92504,0,5.55085,80.09435
16.92504,0,5.55085,80.09435
17.03639,0,5.37425,80.02748
17.14837,0,5.199876,80.01691
17.2527,0,5.02698,80.063
17.32358,0,4.85486,80.16637
17.39638,0,4.74875,80.32793
17.39638,0,4.74875,80.32793
17.46178,0,4.660355,80.55119
17.49319,0,4.569962,80.83737
17.52843,0,4.555781,81.18723
17.54353,0,4.550266,81.60159
17.53773,0,4.543299,82.0815
17.53773,0,4.543299,82.0815
17.53824,0,4.618474,82.63103
17.49219,0,4.686536,83.25002
17.45334,0,4.772308,83.93916
17.38505,0,4.913602,84.69984
17.30795,0,5.04427,85.53376
17.21119,0,5.214753,86.44287
17.098,0,5.408831,87.42548
16.96801,0,5.588427,88.48209
16.8222,0,5.828545,89.61452
16.65601,0,6.059143,90.82027
16.48246,0,6.28698,92.10006
16.27944,0,6.558544,93.45074
16.0831,0,6.808099,94.87226
15.8462,0,7.066321,96.36108
15.8462,0,7.066321,96.36108
15.61474,0,7.342978,97.91626
15.36732,0,7.595353,99.53392
15.10601,0,7.85567,101.2103
14.85235,0,8.123724,102.9436
14.57141,0,8.36683,104.7298
14.57141,0,8.36683,104.7298
14.29709,0,8.604078,106.5665
14.02599,0,8.854886,108.4492
13.73873,0,9.081658,110.3737
13.46567,0,9.286403,112.3359
13.19145,0,9.507673,114.3324
12.91242,0,9.716465,116.3588
12.91242,0,9.716465,116.3588
12.65891,0,9.905243,118.4112
12.38958,0,10.07581,120.4856
12.15426,0,10.26208,122.5774
11.90012,0,10.43726,124.6828
11.6798,0,10.59646,126.7978
11.45078,0,10.74109,128.9191
11.45078,0,10.74109,128.9191
11.24874,0,10.88528,131.0412
11.04582,0,11.03728,133.1605
10.86397,0,11.1765,135.2736
10.68692,0,11.30392,137.3775
10.52587,0,11.42033,139.469
10.52587,0,11.42033,139.469
10.37356,0,11.54419,141.5422
10.23288,0,11.6718,143.5941
10.10323,0,11.78939,145.6218
9.981291,0,11.8974,147.6228
9.871494,0,11.99608,149.5948
9.765821,0,12.10945,151.5318
9.765821,0,12.10945,151.5318
9.672407,0,12.2235,153.4313
9.579559,0,12.32868,155.2914
9.498379,0,12.42498,157.11
9.41425,0,12.51942,158.8853
9.340728,0,12.63633,160.6157
9.340728,0,12.63633,160.6157
9.260518,0,12.74467,162.296
9.189481,0,12.84437,163.9245
9.107745,0,12.94181,165.5001
9.03357,0,13.07073,167.0214
8.944423,0,13.19128,168.4876
8.861263,0,13.30358,169.8949
8.861263,0,13.30358,169.8949
8.758344,0,13.4239,171.2427
8.659939,0,13.54736,172.5302
8.536618,0,13.66286,173.757
8.416582,0,13.77032,174.9227
8.291355,0,13.86973,176.0257
8.291355,0,13.86973,176.0257
8.176096,0,13.96106,177.0657
8.077106,0,14.04424,178.043
7.993141,0,14.11924,178.9577
7.923023,0,14.18608,179.8101
7.865622,0,14.24481,179.3997
7.819883,0,14.2955,178.6712
7.819883,0,14.2955,178.6712
7.784789,0,14.33826,178.0034
7.759386,0,14.37327,177.3954
7.742752,0,14.40072,176.8465
7.734009,0,14.42087,176.3554
7.732277,0,14.43406,175.9208
7.732277,0,14.43406,175.9208
7.736758,0,14.44069,175.5398
7.746687,0,14.44111,175.2117
7.761353,0,14.4358,174.9337
7.780074,0,14.42518,174.7048
7.80221,0,14.40976,174.5222
7.80221,0,14.40976,174.5222
7.827179,0,14.39003,174.3838
7.854431,0,14.36648,174.2883
7.883348,0,14.33982,174.2307
7.913529,0,14.31044,174.2104
7.944605,0,14.27876,174.2257
7.976215,0,14.24524,174.2745
7.976215,0,14.24524,174.2745
8.008033,0,14.21036,174.3533
8.039784,0,14.1745,174.4606
8.071172,0,14.13813,174.5939
8.101945,0,14.10168,174.7502
8.131904,0,14.06551,174.9264
8.131904,0,14.06551,174.9264
8.160967,0,14.02996,175.1173
8.189028,0,13.99527,175.3209
8.216037,0,13.96161,175.5343
8.241919,0,13.92919,175.7543
8.266661,0,13.89816,175.9775
8.290302,0,13.86859,176.2003
8.290302,0,13.86859,176.2003
8.312963,0,13.84051,176.4159
8.334725,0,13.81382,176.6239
8.355669,0,13.78849,176.8205
8.375989,0,13.76436,177.0019
8.39588,0,13.74125,177.1644
8.39588,0,13.74125,177.1644
8.415632,0,13.71894,177.301
8.43548,0,13.69711,177.4121
8.455712,0,13.67547,177.4942
8.476668,0,13.65369,177.5442
8.498706,0,13.63143,177.5592
8.522257,0,13.6083,177.5367
8.522257,0,13.6083,177.5367
8.54772,0,13.58392,177.4744
8.575523,0,13.55793,177.3732
8.606138,0,13.52998,177.231
8.64007,0,13.49969,177.0462
8.677868,0,13.46671,176.8177
8.677868,0,13.46671,176.8177
8.720146,0,13.43069,176.543
8.767453,0,13.39131,176.2234
8.820432,0,13.34822,175.8588
8.879676,0,13.30116,175.4491
8.945885,0,13.24981,174.9945
9.019699,0,13.19394,174.4953
9.019699,0,13.19394,174.4953
9.101884,0,13.13328,173.9511
9.193153,0,13.06758,173.3628
9.294262,0,12.9966,172.7314
9.406007,0,12.92008,172.0576
9.529184,0,12.83781,171.3423
9.529184,0,12.83781,171.3423
9.664654,0,12.7496,170.5855
9.813323,0,12.65514,169.7887
9.97605,0,12.55422,168.9534
10.15381,0,12.44653,168.0807
10.34751,0,12.33185,167.172
10.55823,0,12.20984,166.2288
10.55823,0,12.20984,166.2288
10.78705,0,12.08018,165.2518
11.03501,0,11.94252,164.2434
11.24035,0,11.79645,163.205
11.46197,0,11.64152,162.1382
11.65787,0,11.47725,161.0454
11.65787,0,11.47725,161.0454
11.87025,0,11.30325,159.928
12.05715,0,11.11887,158.7879
12.26188,0,10.92342,157.6273
12.43918,0,10.71637,156.4484
12.63438,0,10.49698,155.2533
12.80427,0,10.26465,154.0443
12.80427,0,10.26465,154.0443
12.98839,0,10.01851,152.8221
13.15325,0,9.800445,151.5881
13.32628,0,9.580603,150.3447
13.48664,0,9.34792,149.0948
13.64698,0,9.156765,147.8468
13.80116,0,8.952915,146.6017
13.80116,0,8.952915,146.6017
13.94827,0,8.752206,145.3594
14.09585,0,8.577021,144.1256
14.22918,0,8.3902,142.9011
14.37046,0,8.219668,141.6742
14.49335,0,8.058613,140.4452
14.63105,0,7.884016,139.2101
14.74438,0,7.738064,137.9703
14.87341,0,7.586884,136.7276
14.87341,0,7.586884,136.7276
14.98248,0,7.429177,135.4785
15.10106,0,7.300653,134.225
15.20735,0,7.158469,132.9684
15.31464,0,7.02699,131.7048
15.41851,0,6.907421,130.4356
15.51395,0,6.774139,129.1568
15.61581,0,6.67046,127.8702
15.6987,0,6.559894,126.5715
15.79548,0,6.448776,125.2628
15.87358,0,6.360919,123.9457
15.87358,0,6.360919,123.9457
15.94972,0,6.259248,122.6166
16.0267,0,6.178468,121.2773
16.09538,0,6.100001,119.9243
16.15525,0,6.013469,118.5548
16.21533,0,5.958703,117.1709
16.27522,0,5.889854,115.7705
16.27522,0,5.889854,115.7705
16.31708,0,5.835855,114.3521
16.35839,0,5.791264,112.918
16.39901,0,5.732231,111.4671
16.43178,0,5.712043,109.9986
16.45234,0,5.677995,108.515
16.45234,0,5.677995,108.515
16.47155,0,5.652149,107.016
16.48933,0,5.644073,105.504
16.49338,0,5.621222,103.9789
16.48957,0,5.630292,102.4407
16.48417,0,5.634408,100.892
16.48417,0,5.634408,100.892
16.47742,0,5.635821,99.33304
16.45109,0,5.667923,97.76636
16.42234,0,5.685051,96.1922
16.39282,0,5.720229,94.61304
16.35612,0,5.766218,93.02914
16.35612,0,5.766218,93.02914
16.30532,0,5.797194,91.44119
16.25424,0,5.863026,89.85172
16.20261,0,5.921893,88.26123
16.12936,0,5.965834,86.67218
16.05311,0,6.049348,85.08511
15.97693,0,6.118366,83.5025
15.97693,0,6.118366,83.5025
15.89052,0,6.178686,81.92487
15.79411,0,6.270443,80.35458
15.69985,0,6.347531,78.79382
15.6041,0,6.421597,77.24292
15.4937,0,6.519636,75.70398
15.38739,0,6.603312,74.17657
15.38739,0,6.603312,74.17657
15.28499,0,6.688765,72.66281
15.16603,0,6.792111,71.16461
15.05277,0,6.881458,69.68066
14.94537,0,6.976902,68.21277
14.82201,0,7.085061,66.75906
14.70566,0,7.179598,65.32141
14.70566,0,7.179598,65.32141
14.59398,0,7.284211,63.89764
14.46942,0,7.397139,62.48962
14.35282,0,7.496832,61.09894
14.23666,0,7.610975,59.72717
14.1129,0,7.729491,58.37161
14.1129,0,7.729491,58.37161
13.99768,0,7.835058,57.02997
13.87592,0,7.959797,55.70395
13.75398,0,8.084847,54.39505
13.64081,0,8.197441,53.10458
13.50892,0,8.335187,51.8302
13.50892,0,8.335187,51.8302
13.39537,0,8.468588,50.57007
13.26409,0,8.589794,49.32568
13.14668,0,8.74369,48.09839
13.01495,0,8.88784,46.88931
12.89324,0,9.025496,45.69678
12.89324,0,9.025496,45.69678
12.75954,0,9.195085,44.51965
12.63294,0,9.352881,43.35913
12.49578,0,9.514661,42.21637
12.36362,0,9.701281,41.09027
12.22132,0,9.876472,39.98196
12.08277,0,10.06967,38.89069
12.08277,0,10.06967,38.89069
11.93359,0,10.27769,37.81641
11.7878,0,10.47457,36.76001
11.62995,0,10.70849,35.72156
11.47601,0,10.94309,34.70117
11.30761,0,11.17514,33.69974
11.30761,0,11.17514,33.69974
11.14461,0,11.45368,32.71729
10.96373,0,11.72105,31.75464
10.7908,0,12.01539,30.81232
10.59539,0,12.33401,29.89105
10.41168,0,12.64172,28.99152
10.19965,0,12.986,28.11441
10.19965,0,12.986,28.11441
10.00299,0,13.32109,27.26074
9.773631,0,13.64632,26.43097
9.557587,0,13.9624,25.62604
9.314465,0,14.26993,24.84625
9.076791,0,14.56957,24.09271
9.076791,0,14.56957,24.09271
8.819321,0,14.86197,23.36664
8.557725,0,15.14757,22.66818
8.285383,0,15.42699,21.9986
7.997462,0,15.70081,21.35941
7.709835,0,15.96941,20.7504
7.709835,0,15.96941,20.7504
7.393052,0,16.23338,20.17328
7.087706,0,16.49307,19.62778
6.75628,0,16.74884,19.11551
6.434242,0,17.00126,18.63834
6.122098,0,17.25064,18.19586
5.819222,0,17.49743,17.78986
5.819222,0,17.49743,17.78986
5.524927,0,17.74232,17.42346
5.238313,0,17.98577,17.09619
4.958739,0,18.22849,16.81122
4.68533,45.05194,18.45537,16.56802
4.417438,44.24106,18.68054,16.36923
4.154208,43.45237,18.90646,16.21436
4.154208,43.45237,18.90646,16.21436
3.895052,42.68781,19.1342,16.10931
3.638816,41.94579,19.36481,16.0549
3.384681,41.22487,19.5444,16.0502
3.131998,40.52555,19.6977,16.09723
2.879926,39.8484,19.85432,16.19876
2.879926,39.8484,19.85432,16.19876
2.627527,39.19527,20.01558,16.36093
2.384274,38.56537,20.18237,16.58395
2.148333,37.95805,20.26651,16.86652
1.950296,37.37427,20.35599,17.20966
1.792201,36.79182,20.45197,17.61514
1.662741,36.21807,20.55577,18.08493
1.662741,36.21807,20.55577,18.08493
1.573423,35.66756,20.58399,18.62363
1.503901,35.14153,20.61083,19.23367
1.57153,35.4676,20.55023,22.20062
1.598663,35.79287,20.43855,25.03455
1.645879,0,20.42392,27.77338
1.666043,0,20.3522,30.4263
1.68588,0,20.34501,33.00656
1.707546,0,20.29929,35.52991
1.707546,0,20.29929,35.52991
1.708552,0,20.28878,38.0148
1.733565,37.44048,20.26697,40.47345
1.734235,37.65659,20.25316,42.91479
1.746071,37.82277,20.25648,45.34482
1.749415,37.97634,20.24309,47.76724
1.74341,38.11871,20.2733,50.18387
1.74341,38.11871,20.2733,50.18387
1.7472,38.20221,20.26443,52.59753
1.726518,38.31353,20.3183,55.00739
1.725507,38.33622,20.32101,57.41232
1.70334,38.37621,20.38228,59.81119
1.713045,38.2461,20.36077,61.74454
1.733723,37.96943,20.32678,63.17969
1.733723,37.96943,20.32678,63.17969
1.737082,37.69233,20.3397,64.75327
1.75617,37.47294,20.31142,66.37521
1.754798,37.27166,20.32474,68.0369
1.771419,37.06649,20.33154,69.72775
1.776513,36.90693,20.32773,71.4397
1.776513,36.90693,20.32773,71.4397
1.784194,36.71176,20.36363,73.16653
1.79772,36.55283,20.33814,74.90335
1.798971,36.39164,20.34902,76.64651
1.823282,36.23586,20.33875,78.39337
1.828876,36.10343,20.3173,80.142
1.859005,35.95713,20.31144,81.89111
1.859005,35.95713,20.31144,81.89111
1.878546,35.84725,20.24854,83.64001
1.912118,35.72459,20.22438,85.38818
1.949509,35.63329,20.19671,87.1355
1.976885,35.5505,20.20381,88.88141
1.998244,35.48881,20.25002,90.62558
2.000964,35.44969,20.26676,92.36642
2.000964,35.44969,20.26676,92.36642
2.012212,35.42932,20.28597,94.10388
2.025554,35.39783,20.34413,95.83594
2.020286,35.3029,20.36923,97.5614
2.042627,35.24298,20.3921,99.27792
2.051885,35.21884,20.45317,100.9841
2.063182,35.23117,20.45558,102.678
2.063182,35.23117,20.45558,102.678
2.090019,35.28068,20.47388,104.3577
2.098985,35.36774,20.51143,106.0205
2.144584,35.49291,20.48239,107.6642
2.174,35.65656,20.48876,109.2865
2.224112,35.85912,20.46111,110.8851
2.224112,35.85912,20.46111,110.8851
2.275431,36.1009,20.41689,112.4577
2.334968,36.38196,20.3979,114.0021
2.408597,36.70219,20.30399,115.5158
2.481007,37.42226,20.24169,116.9968
2.576361,38.85024,20.14655,118.4435
2.663587,0,20.03666,119.8539
2.663587,0,20.03666,119.8539
2.779331,0,19.94605,121.2261
2.88199,0,19.79401,122.5586
3.016191,0,19.66916,123.8497
3.13671,0,19.52017,125.0979
3.284317,0,19.3584,126.3013
3.284317,0,19.3584,126.3013
3.421911,0,19.22064,127.4587
3.580415,0,19.03128,128.5694
3.732854,0,18.86215,129.6321
3.901032,0,18.69511,130.6458
4.066226,0,18.50154,131.6094
4.242945,0,18.32714,132.523
4.242945,0,18.32714,132.523
4.418973,0,18.14391,133.3849
4.603354,0,17.94986,134.1955
4.788551,0,17.7719,134.9543
4.9799,0,17.58385,135.661
5.172854,0,17.39026,136.3164
5.370463,0,17.20985,136.9202
5.370463,0,17.20985,136.9202
5.569757,0,17.02419,137.4719
5.805261,0,16.83162,137.9725
6.067416,0,16.64955,138.4222
6.328236,0,16.46963,138.8216
6.585248,0,16.27831,139.1712
6.585248,0,16.27831,139.1712
6.83916,0,16.09511,139.4711
7.090586,0,15.91908,139.7228
7.340165,0,15.73128,139.9271
7.588513,0,15.54749,140.0849
7.836246,0,15.36889,140.197
8.08398,0,15.15895,140.2645
8.08398,0,15.15895,140.2645
8.332353,0,14.90969,140.2876
8.581971,0,14.66481,140.2674
8.833452,0,14.42364,140.205
9.087436,0,14.18551,140.1012
9.344555,0,13.9498,139.9565
9.344555,0,13.9498,139.9565
9.605568,0,13.71597,139.7707
9.871145,0,13.48341,139.5447
10.14201,0,13.25159,139.2791
10.41692,0,13.01995,138.9741
10.6928,0,12.78802,138.6298
10.94999,0,12.55531,138.2458
10.94999,0,12.55531,138.2458
11.2002,0,12.32147,137.8201
11.42055,0,12.08595,137.3531
11.63738,0,11.84825,136.8446
11.83879,0,11.60786,136.2944
12.02719,0,11.36428,135.7024
12.02719,0,11.36428,135.7024
12.21369,0,11.11705,135.067
12.37827,0,10.86559,134.3884
12.54376,0,10.60928,133.6669
12.69792,0,10.34749,132.9026
12.84494,0,10.07953,132.0958
12.99289,0,9.804699,131.2468
12.99289,0,9.804699,131.2468
13.12467,0,9.522268,130.3548
13.26031,0,9.249379,129.4217
13.38899,0,9.027765,128.4482
13.51331,0,8.820606,127.435
13.64283,0,8.630596,126.3831
13.64283,0,8.630596,126.3831
13.75891,0,8.45679,125.2934
13.88029,0,8.291205,124.168
14.00196,0,8.139436,123.0079
14.11696,0,7.993067,121.8138
14.23887,0,7.85563,120.5867
14.35686,0,7.724541,119.3291
14.35686,0,7.724541,119.3291
14.47405,0,7.595896,118.0402
14.59855,0,7.477284,116.7225
14.71657,0,7.353311,115.377
14.83883,0,7.24514,114.0062
14.96192,0,7.12535,112.6107
14.96192,0,7.12535,112.6107
15.08696,0,7.023843,111.1908
15.21224,0,6.912807,109.7493
15.33339,0,6.810462,108.2887
15.45519,0,6.707647,106.809
15.57698,0,6.603456,105.3128
15.69806,0,6.508986,103.7998
15.69806,0,6.508986,103.7998
15.81752,0,6.402396,102.2725
15.93438,0,6.316967,100.7334
16.04663,0,6.217873,99.18158
16.14977,0,6.132898,97.61951
16.24698,0,6.043935,96.04602
16.24698,0,6.043935,96.04602
16.33685,0,5.959045,94.46371
16.41795,0,5.882117,92.87476
16.48891,0,5.798577,91.27762
16.54824,0,5.736094,89.67456
16.59454,0,5.659067,88.0639
16.59454,0,5.659067,88.0639
16.62629,0,5.610139,86.44803
16.65537,0,5.550324,84.82904
16.74102,0,5.508926,83.20581
16.82059,0,5.4695,81.58035
16.90103,0,5.421795,79.95236
16.97927,0,5.367487,78.32379
16.97927,0,5.367487,78.32379
17.04,0,5.29793,76.69443
17.10062,0,5.242945,75.06619
17.1607,0,5.197333,73.4407
17.21318,0,5.136362,71.81784
17.25346,0,5.098137,70.19919
17.25346,0,5.098137,70.19919
17.29302,0,5.060699,68.58478
17.33169,0,5.007872,66.97607
17.3609,0,4.98842,65.37326
17.38064,0,4.958588,63.77759
17.39972,0,4.92167,62.1893
17.41812,0,4.914112,60.60965
17.41812,0,4.914112,60.60965
17.42603,0,4.891485,59.03894
17.4266,0,4.876209,57.47821
17.42688,0,4.875576,55.92792
17.42698,0,4.860029,54.38858
17.41448,0,4.867279,52.86102
17.41448,0,4.867279,52.86102
17.39767,0,4.87369,51.34558
17.38108,0,4.867812,49.84317
17.36449,0,4.89618,48.35449
17.32618,0,4.910125,46.88019
17.29937,0,4.928881,45.42093
17.26212,0,4.965331,43.97748
17.26212,0,4.965331,43.97748
17.21978,0,4.987719,42.55048
17.18282,0,5.032601,41.14047
17.12507,0,5.07843,39.7482
17.0799,0,5.113348,38.37445
17.01402,0,5.183704,37.01996
17.01402,0,5.183704,37.01996
16.95389,0,5.240697,35.68582
16.88516,0,5.305332,34.37244
16.81008,0,5.388484,33.0806
16.73694,0,5.458807,31.8111
16.64692,0,5.556076,30.56479
16.56768,0,5.65465,29.34247
16.56768,0,5.65465,29.34247
16.46281,0,5.745545,28.14532
16.37378,0,5.874524,26.97403
16.25612,0,5.991589,25.82928
16.15335,0,6.120886,24.71176
16.02539,0,6.271117,23.62204
16.02539,0,6.271117,23.62204
15.9094,0,6.410131,22.56107
15.76936,0,6.582414,21.52933
15.64085,0,6.757757,20.52725
15.48702,0,6.928277,19.55536
15.34694,0,7.143269,18.61401
15.34694,0,7.143269,18.61401
15.17761,0,7.348033,17.70374
15.02473,0,7.5562,16.8248
14.84071,0,7.772381,15.97742
14.66977,0,7.979471,15.16174
14.47622,0,8.177916,14.37793
14.28575,0,8.368134,13.62604
14.28575,0,8.368134,13.62604
14.07193,0,8.550509,12.90601
13.83662,0,8.725406,12.2178
13.61453,0,8.893174,11.56125
13.40482,0,9.054136,10.93616
13.20668,0,9.208604,10.34229
13.01937,0,9.356872,9.779266
13.01937,0,9.356872,9.779266
12.84218,0,9.499217,9.24649
12.67444,0,9.635917,8.743561
12.51553,0,9.767236,8.27005
12.36486,0,9.893434,7.825409
12.22185,0,10.01477,7.409088
12.22185,0,10.01477,7.409088
12.08599,0,10.13148,7.020447
11.95677,0,10.24383,6.658997
11.83372,0,10.35205,6.324219
11.71637,0,10.45639,6.015503
11.6043,0,10.55709,5.732269
11.49709,0,10.65439,5.473816
11.49709,0,10.65439,5.473816
11.39436,0,10.74851,5.239197
11.29573,0,10.83967,5.027771
11.20086,0,10.92812,4.838806
11.10942,0,11.01406,4.671661
11.02108,0,11.09773,4.525574
10.93554,0,11.17933,4.399689
10.93554,0,11.17933,4.399689
10.85252,0,11.25907,4.292938
10.77176,0,11.33715,4.204865
10.69299,0,11.41379,4.134644
10.61597,0,11.48918,4.081879
10.54046,0,11.56353,4.045593
10.46625,0,11.637,4.024902
10.39312,0,11.70981,4.019409
10.32087,0,11.78211,4.028107
10.24931,0,11.85408,4.049988
10.17828,0,11.92588,4.084717
10.10759,0,11.99766,4.131226
10.0371,0,12.06959,4.18927
10.0371,0,12.06959,4.18927
9.966677,0,12.14176,4.257568
9.8962,0,12.2143,4.335785
9.82559,0,12.28728,4.422577
9.754729,0,12.3608,4.517639
9.683825,0,12.43462,4.618683
9.612593,0,12.50905,4.726135
9.540901,0,12.58419,4.83902
9.468609,0,12.66017,4.956329
9.395583,0,12.73709,5.077087
9.321743,0,12.81502,5.200226
9.247028,0,12.89398,5.324707
9.171396,0,12.97396,5.449554
9.094816,0,13.05498,5.5737
9.017265,0,13.13705,5.697174
8.938725,0,13.22015,5.81897
8.859183,0,13.30424,5.938049
8.697129,0,13.47525,6.165985
8.614635,0,13.5621,6.273926
8.531192,0,13.64975,6.376587
8.446836,0,13.73813,6.473206
8.361607,0,13.82714,6.563171
8.275564,0,13.9167,6.645844
8.101266,0,14.09712,6.788391
8.013142,0,14.18781,6.847809
7.924461,0,14.27867,6.89856
7.835308,0,14.3696,6.940247
7.745768,0,14.46048,6.972534
7.655938,0,14.5512,6.995117
7.565916,0,14.64165,7.007782
7.475805,0,14.73171,7.010376
7.385708,0,14.82127,7.002686
7.295742,0,14.91021,6.98468
7.206013,0,14.99842,6.956238
7.206013,0,14.99842,6.956238
7.116642,0,15.08578,6.917084
7.027746,0,15.17218,6.867249
6.939451,0,15.25751,6.806885
6.851873,0,15.34167,6.736023
6.765139,0,15.42456,6.654846
6.679365,0,15.50608,6.563446
6.594674,0,15.58613,6.461914
6.511187,0,15.66462,6.350464
6.429026,0,15.74146,6.229187
6.348305,0,15.81657,6.098328
6.269148,0,15.88985,5.958069
6.191671,0,15.96123,5.808655
6.116003,0,16.03063,5.650421
6.042258,0,16.09795,5.483673
6.042258,0,16.09795,5.483673
5.970551,0,16.16314,5.308624
5.900969,0,16.22613,5.12558
5.833611,0,16.28687,4.934906
5.768588,0,16.3453,4.737061
5.706003,0,16.40136,4.532532
5.64595,0,16.45499,4.321777
5.588507,0,16.50615,4.105164
5.533748,0,16.5548,3.883148
5.533748,0,16.5548,3.883148
5.481735,0,16.60092,3.656067
5.432504,0,16.6445,3.424255
5.38611,0,16.68552,3.18811
5.342618,0,16.72394,2.948181
5.302082,0,16.75973,2.704987
5.264542,0,16.79288,2.459076
5.264542,0,16.79288,2.459076
5.230035,0,16.82337,2.210876
5.198572,0,16.8512,1.960724
5.170179,0,16.87637,1.709106
5.144878,0,16.89887,1.456512
5.103612,0,16.9358,0.9502563
5.087653,0,16.95024,0.6975403
5.087653,0,16.95024,0.6975403
5.074801,0,16.962,0.4459534
5.065036,0,16.97111,0.1957703
5.052315,0,16.98376,0.2991597
5.052315,0,16.98376,0.2991597
5.049421,0,16.98723,0.5430595
5.049625,0,16.98799,0.7839826
5.059157,0,16.98145,1.25577
5.059157,0,16.98145,1.25577
5.068389,0,16.97421,1.485911
5.080527,0,16.96438,1.711682
5.09551,0,16.95197,1.932785
5.113269,0,16.93705,2.148938
5.133736,0,16.91964,2.359878
5.156837,0,16.89982,2.565363
5.182496,0,16.8776,2.765173
5.21064,0,16.85306,2.959114
5.241191,0,16.82623,3.147008
5.274074,0,16.79717,3.328704
5.309204,0,16.76593,3.504063
5.346501,0,16.73258,3.672971
5.385883,0,16.69716,3.835337
5.427268,0,16.65975,3.991097
5.470567,0,16.62039,4.140205
5.470567,0,16.62039,4.140205
5.515705,0,16.57916,4.282785
5.562629,0,16.53609,4.418746
5.611253,0,16.49123,4.548082
5.661488,0,16.44466,4.670825
5.713232,0,16.39649,4.787041
5.766388,0,16.34677,4.896815
5.766388,0,16.34677,4.896815
5.820876,0,16.29561,5.000494
5.876642,0,16.24302,5.09808
5.933611,0,16.18909,5.189664
5.991699,0,16.13388,5.275509
6.050846,0,16.07749,5.356072
6.050846,0,16.07749,5.356072
6.111049,0,16.01992,5.432382
6.172338,0,15.96116,5.504646
6.234711,0,15.90121,5.573229
6.298146,0,15.84011,5.63859
6.362625,0,15.77789,5.701248
6.362625,0,15.77789,5.701248
6.428154,0,15.71459,5.762423
6.494724,0,15.65022,5.822396
6.562329,0,15.58481,5.881592
6.630972,0,15.51837,5.940539
6.700666,0,15.45093,5.999844
6.771432,0,15.38247,6.060167
6.771432,0,15.38247,6.060167
6.843327,0,15.31302,6.123059
6.916389,0,15.24255,6.188874
6.990668,0,15.17104,6.258137
7.066218,0,15.09846,6.331511
7.143114,0,15.0248,6.409745
7.143114,0,15.0248,6.409745
7.221471,0,14.95001,6.494756
7.301385,0,14.87403,6.586973
7.382966,0,14.79681,6.687038
7.466332,0,14.71828,6.795757
7.551623,0,14.63835,6.91406
7.551623,0,14.63835,6.91406
7.639047,0,14.55697,7.044422
7.728762,0,14.47401,7.187038
7.82094,0,14.38936,7.342202
7.915755,0,14.30291,7.510278
8.013391,0,14.21453,7.691689
8.013391,0,14.21453,7.691689
8.114068,0,14.12413,7.887786
8.21799,0,14.03158,8.098766
8.325304,0,13.93679,8.324613
8.436147,0,13.83971,8.565367
8.550662,0,13.74028,8.821219
8.668196,0,13.63904,9.088861
8.668196,0,13.63904,9.088861
8.788692,0,13.53609,9.368123
8.912518,0,13.43138,9.662245
9.040821,0,13.32414,9.975635
9.174188,0,13.21402,10.30953
9.313096,0,13.10074,10.66466
9.313096,0,13.10074,10.66466
9.458047,0,12.98411,11.04288
9.609423,0,12.86386,11.44322
9.767668,0,12.73979,11.86622
9.933252,0,12.61172,12.31246
10.10668,0,12.47942,12.78248
10.28847,0,12.3427,13.2768
10.28847,0,12.3427,13.2768
10.47926,0,12.20138,13.79714
10.67956,0,12.05516,14.34238
10.88999,0,11.90379,14.91276
11.11119,0,11.74703,15.50836
11.31889,0,11.5846,16.1291
11.31889,0,11.5846,16.1291
11.48993,0,11.41619,16.77459
11.65781,0,11.24145,17.44356
11.82573,0,11.06005,18.1355
11.9933,0,10.87164,18.84952
12.15897,0,10.67582,19.58442
12.15897,0,10.67582,19.58442
12.31697,0,10.47216,20.33869
12.48095,0,10.28513,21.11077
12.63176,0,10.10692,21.89909
12.78948,0,9.920205,22.70215
12.93735,0,9.752142,23.51836
13.08654,0,9.581944,24.34623
13.08654,0,9.581944,24.34623
13.23305,0,9.404904,25.18413
13.37275,0,9.25097,26.03064
13.51777,0,9.087756,26.88404
13.64697,0,8.928282,27.74294
13.78066,0,8.781369,28.60558
13.78066,0,8.781369,28.60558
13.9076,0,8.624825,29.47061
14.02871,0,8.485418,30.33678
14.15284,0,8.345778,31.20216
14.25993,0,8.202418,32.06554
14.36975,0,8.080663,32.92498
14.36975,0,8.080663,32.92498
14.47198,0,7.949223,33.77934
14.56551,0,7.832942,34.62753
14.66079,0,7.720968,35.46753
14.73807,0,7.606644,36.29832
14.81484,0,7.515852,37.11895
14.88476,0,7.415818,37.92859
14.88476,0,7.415818,37.92859
14.94268,0,7.338737,38.72496
14.99723,0,7.262354,39.50734
15.04118,0,7.194863,40.27506
15.07337,0,7.144434,41.02597
15.10195,0,7.08986,41.75947
15.10195,0,7.08986,41.75947
15.11808,0,7.067941,42.4751
15.12274,0,7.03815,43.17236
15.12353,0,7.039088,43.84915
15.10871,0,7.041121,44.505
15.08451,0,7.064158,45.13834
15.08451,0,7.064158,45.13834
15.05663,0,7.1009,45.7489
15.00801,0,7.149938,46.33652
14.95453,0,7.224577,46.89986
14.89226,0,7.303843,47.43873
14.81276,0,7.41988,47.95307
14.81276,0,7.41988,47.95307
14.73024,0,7.533894,48.44189
14.63,0,7.695007,48.90511
14.52154,0,7.851127,49.34188
14.40498,0,8.059403,49.75233
14.27046,0,8.265532,50.13664
14.27046,0,8.265532,50.13664
14.13417,0,8.497943,50.4944
13.97608,0,8.73011,50.82578
13.81424,0,8.958899,51.13046
13.63743,0,9.184652,51.40877
13.45,0,9.407682,51.66109
13.45,0,9.407682,51.66109
13.25353,0,9.628249,51.88762
13.02736,0,9.846728,52.0886
12.79166,0,10.06342,52.26427
12.56027,0,10.27868,52.41501
12.33275,0,10.49281,52.54116
12.33275,0,10.49281,52.54116
12.10867,0,10.70615,52.6431
11.88759,0,10.919,52.72138
11.66911,0,11.13167,52.77661
11.4529,0,11.34438,52.80944
11.23856,0,11.55748,52.8204
11.23856,0,11.55748,52.8204
11.02579,0,11.77115,52.81031
10.81423,0,11.98574,52.77967
10.60363,0,12.20139,52.72947
10.39363,0,12.41843,52.66016
10.18406,0,12.63696,52.57283
9.974595,0,12.85729,52.46797
9.974595,0,12.85729,52.46797
9.765085,0,13.07949,52.34682
9.555109,0,13.30399,52.20958
9.344379,0,13.53109,52.05679
9.132779,0,13.76081,51.88963
8.920077,0,13.99338,51.70889
8.920077,0,13.99338,51.70889
8.705978,0,14.22907,51.51519
8.49018,0,14.46819,51.30893
8.272582,0,14.71081,51.09121
8.053007,0,14.95704,50.86285
7.831223,0,15.2071,50.62456
7.607006,0,15.46122,50.37683
7.607006,0,15.46122,50.37683
7.38032,0,15.71934,50.12091
7.150864,0,15.98177,49.85709
6.918554,0,16.24854,49.58628
6.683279,0,16.51972,49.30926
6.444897,0,16.7954,49.02674
6.444897,0,16.7954,49.02674
6.20326,0,17.07565,48.73956
5.95807,0,17.36078,48.448
5.709299,0,17.65075,48.15285
5.456876,0,17.94553,47.85489
5.200781,0,18.24508,47.55485
5.200781,0,18.24508,47.55485
4.940921,0,18.5494,47.25353
4.677068,0,18.77269,46.95137
4.409238,0,18.9801,46.64905
4.137467,0,19.19313,46.34728
3.861724,0,19.41863,46.04671
3.581958,0,19.64598,45.74794
3.581958,0,19.64598,45.74794
3.298156,0,19.8747,45.45161
3.010124,0,20.09496,45.15814
2.71768,0,20.31155,44.86794
2.492474,0,20.51104,44.58145
2.294215,0,20.69438,44.29907
2.294215,0,20.69438,44.29907
2.095797,0,20.86599,44.02114
1.896201,0,21.0014,43.74806
1.846902,0,20.94937,44.04135
1.810944,0,20.85259,45.10359
1.766186,0,20.81048,45.73355
1.766186,0,20.81048,45.73355
1.754109,0,20.77528,46.4166
1.748311,0,20.7449,47.08793
1.805241,0,20.71466,47.71713
1.863913,0,20.6638,48.28924
1.989409,0,20.61221,48.79762
2.128597,0,20.55921,49.23972
2.128597,0,20.55921,49.23972
2.305361,0,20.48599,49.61523
2.525312,0,20.39696,49.92495
2.745102,0,20.30476,50.17032
3.019617,0,20.19254,50.3531
3.299583,0,20.05761,50.47533
3.299583,0,20.05761,50.47533
3.613716,0,19.91933,50.53932
3.940284,40.64222,19.75603,50.54715
4.278071,40.0373,19.5723,50.50102
4.611164,39.50683,19.38613,50.40314
4.93889,39.04581,19.16773,50.25582
5.260637,38.65035,18.93704,50.06135
5.260637,38.65035,18.93704,50.06135
5.575916,38.31662,18.70568,49.82252
5.884265,38.04239,18.43643,49.54147
6.185288,37.82586,18.16474,49.2205
6.478683,37.66576,17.89271,48.86195
6.764198,37.56121,17.58555,48.46819
7.041668,37.51172,17.28162,48.04168
7.041668,37.51172,17.28162,48.04168
7.311025,37.51632,16.98002,47.58544
7.572206,37.57554,16.6485,47.10168
7.825197,37.69027,16.32277,46.59266
8.070025,37.86162,16.00354,46.06065
8.306783,38.091,15.67148,45.50799
8.306783,38.091,15.67148,45.50799
8.53562,38.37895,15.34422,44.93767
8.756622,38.72881,15.02528,44.3512
8.969945,39.14292,14.71508,43.75092
9.175797,39.62382,14.41394,43.13912
9.374308,40.29577,14.12206,42.51714
9.565684,41.18166,13.83968,41.88741
9.565684,41.18166,13.83968,41.88741
9.750249,42.75605,13.56702,41.25327
9.928162,0,13.30406,40.61589
10.09955,0,13.05082,39.97634
10.2647,0,12.80728,39.33699
10.42381,0,12.57343,38.7001
10.42381,0,12.57343,38.7001
10.57716,0,12.34915,38.06782
10.72488,0,12.13427,37.44099
10.86722,0,11.92865,36.82175
11.00428,0,11.73207,36.2108
11.13632,0,11.54433,35.61028
11.13632,0,11.54433,35.61028
11.26355,0,11.36521,35.02202
11.38609,0,11.19444,34.44656
11.50415,0,11.03174,33.8858
11.61792,0,10.87686,33.34146
11.72753,0,10.72948,32.81388
11.72753,0,10.72948,32.81388
11.83324,0,10.58931,32.30582
11.93517,0,10.45601,31.81747
12.03351,0,10.32925,31.35018
12.12839,0,10.20868,30.90403
12.21999,0,10.09399,30.48026
12.30849,0,9.98483,30.07994
12.30849,0,9.98483,30.07994
12.39411,0,9.880859,29.70476
12.47701,0,9.781729,29.3546
12.55734,0,9.68708,29.02931
12.6353,0,9.596573,28.72964
12.71109,0,9.509879,28.45627
12.71109,0,9.509879,28.45627
12.78494,0,9.426661,28.21044
12.85706,0,9.346556,27.99185
12.92766,0,9.269238,27.80097
12.997,0,9.194381,27.63823
13.06532,0,9.121623,27.50401
13.06532,0,9.121623,27.50401
13.13292,0,9.050649,27.39934
13.20008,0,8.98111,27.32428
13.26707,0,8.912681,27.27895
13.33421,0,8.845034,27.26358
13.40183,0,8.777837,27.27845
13.47025,0,8.710785,27.32384
13.47025,0,8.710785,27.32384
13.53985,0,8.643553,27.40075
13.61102,0,8.575806,27.50904
13.68413,0,8.507233,27.64878
13.75961,0,8.437524,27.82014
13.83787,0,8.366362,28.02333
13.83787,0,8.366362,28.02333
13.9194,0,8.293446,28.25924

